Date,Time,Shift,Parameter Readings,,,,,,,,,TPD,Running Capacity (%),Flow (Nm^3/m),,
,,,Temp (Drive),Temp (Non-Drive),R.P.M,Vib(H) Drive,Vib(H) Non-Drive,Vib(V) Drive,Vib(V) Non-Drive,Vib(A) Drive,Vib(A) Non-Drive,,,,,
JANUARY,,,,,,,,,,,,,,,,
02/01/2026,05:30 AM,Night,37.5,41.1,2640,0.68,0.95,0.81,0.53,0.58,0.67,200,76,42.2,,
03/01/2026,05:38 AM,Night,37.5,43,2790,5.03,3.7,7.2,2.12,5.54,5.53,200,86,45.8,,
04/01/2026,5:30 AM,Day,46.6,53,2790,1.47,2.43,4,1.73,4.37,5.48,200,86,45.2,,
04/01/2026,05:30 AM,Night,38.2,41.6,2640,0.94,3.85,5.8,2.14,1.98,2.01,200,76,46,,
05/01/2026,04:10 PM,Day,41.6,42.8,2640,5.53,2.02,3.08,4.54,1.93,2.47,200,76,47.3,,
05/01/2026,05:30 AM,Night,39.5,44.4,2790,1.56,1.92,4.96,1.75,5.36,4.91,200,86,47,,
06/01/2026,04:50 PM,Day,46.7,49.7,2790,3.86,2.35,2.82,2.05,5.84,1.32,200,86,46.4,,
06/01/2026,05:30 AM,Night,39.8,43.1,2640,0.94,2.52,5.87,2,1.68,1.95,200,76,47,,
07/01/2026,04:57 PM,Day,44.3,45.6,2640,1.72,4.87,6.98,2.21,2.34,2.94,240,76,45.1,,
07/01/2026,05:30 AM,Night,39.1,41.6,2640,2.11,4.44,6.91,1.87,1.76,2.3,240,76,50.8,,
08/01/2026,05:00 PM,Night,36.8,43.5,2790,3.48,2.83,4.19,1.86,4.08,4.96,240,86,56.1,,
09/01/2026,05:30 PM,Day,43.5,47.4,2640,1,2.26,5.08,2.16,2.41,2.68,250,76,48,,
09/01/2026,05:45 AM,Night,36.8,38.9,2640,2.99,3.97,7.98,2.07,1.73,2.37,250,76,46.3,,
10/01/2026,5:30 PM,Day,46.4,52.5,2790,1.73,2.25,6.24,1.6,5.87,5.26,300,86,54.8,,
12/01/2026,04:30 PM,Day,46.3,47.3,2640,7.79,2.16,2.8,2.72,1.61,2.83,300,76,55.3,,
13/01/2026,04:48 PM,Day,44.6,41.8,2640,3.37,5.57,7.15,2.6,2.88,3.14,300,76,54.9,,
13/01/2026,05:50 PM,Night,38.3,44.4,2790,3.49,2.42,7.64,2.32,5.09,5.53,300,86,58,,
14/01/2026,5:00 AM,Night,41,44.9,2640,3.07,4.59,6.11,1.92,2.13,2.74,300,76,57.2,,
15/01/2026,5:30 AM,Day,45.9,47.5,2640,1.64,3.64,7.86,2.16,2.2,1.76,300,76,57.2,,
15/1/2026,05:30 AM,Night,39.1,46.1,2790,4.09,3.01,5.69,1.68,6.05,6.94,300,86,59.4,,
16/1/2026,05:30 AM,Day,46.3,48.3,2640,1.65,3.6,6.84,2.08,2.02,1.66,300,76,62.2,,
16/1/2026,05:40 AM,Night,38.1,43,2790,5.71,2.14,5.74,2.14,6.05,7.18,300,86,60.3,,
17/01/2026,05:30 AM,Night,39.6,42.3,2640,3.63,2.96,5.38,2.66,3.86,2.86,300,76,62.6,,
18/01/2026,05:04 PM,Day,48.1,50.2,2640,2.45,6.25,6.75,2.17,1.43,1.75,300,76,65.9,,
18/01/2026,05:30 AM,Night,40.6,44.5,2640,2.9,6.67,8.94,2.41,2.07,2.77,300,76,65.9,,
19/01/2026,04:45 PM,Day,45.8,46.8,2790,5.31,3.17,6.39,3.1,6.15,7.47,300,86,65.9,,
19/1/2026,05:30 AM,Night,42.3,47.6,2790,2.76,6.36,3.94,2.89,1.39,5.81,300,86,65.4,,
20/01/2026,05:05 PM,Day,36.5,37.9,2640,2.2,7.05,7.75,2.31,1.88,2.6,300,76,66,,
20/01/2026,05:05 AM,Night,37.8,43.7,2790,1.73,2.6,3.69,3.27,6,5.92,300,86,51.3,,
21/01/2026,5:30 PM,Day,45.1,49.2,2640,2.49,5.56,6.43,2.04,1.57,1.67,150,76,42.6,,
21/01/2026,05:25 AM,Night,NR,NR,NR,NR,NR,NR,NR,NR,NR,NR,NR,NR,,
22/01/2026,05:25 AM,Day,46.5,52.3,2790,1.82,2.48,5.03,1.55,4.91,5.63,150,86,42.5,,
22/01/2026,05:41 AM,Night,35.6,40.4,2790,2.81,3.04,3.73,1.7,5.37,6.5,150,86,41.8,,
23/01/2026,05:06 PM,Day,46.2,47.5,2640,2.64,6.01,5.65,2.14,1.7,2.06,150,76,45.2,,
23/01/2026,05:30 AM,Night,36.1,39.6,2640,2.84,6.52,6.27,2.68,2.03,2.49,150,76,45.7,,
24/01/2026,5:00 PM,Day,44.4,49.4,2790,1.73,2.79,7.19,3.32,4.51,5.97,200,86,45.3,,
24/01/2026,05:38 AM,Night,38,44.2,2790,1.82,2.31,6.52,2.11,5.6,5.63,200,86,48.1,,
25/01/2026,5:00 PM,Day,46.6,49.8,2790,3.67,2.69,3.62,3.26,5.33,6.71,200,86,47.3,,
25/01/2026,5:20 AM,Night,38.2,43.1,2640,1.58,6.99,6.65,1.59,1.32,1.94,200,76,48.2,,
26/01/2026,4:20 PM,Day,45.1,45.6,2640,2.09,5.95,6.9,2.04,2.62,2.44,200,76,47.6,,
26/01/2026,5:00 AM,Night,NR,NR,NR,NR,NR,NR,NR,NR,NR,NR,NR,NR,,
27/01/2026,4:30 PM,Day,45.2,51.2,2640,5.69,2.34,3.02,5.34,2.29,2.33,100,76,38.8,,
27/01/2026,05:30 AM,Night,NR,NR,NR,NR,NR,NR,NR,NR,NR,NR,NR,NR,,
28/01/2026,5:30 PM,Day,46,47.7,2640,2.6,5.98,5.97,1.99,1.81,2.09,100,76,43.6,,
28/01/2026,05:30 AM,Night,37.3,39.1,2640,1.59,5.48,8.01,2.1,2.92,2.69,110,76,43.4,,
29/01/2026,4:30 PM,Day,45.1,49,2790,6.79,1.85,3.33,6.06,2.49,2.03,110,86,43.8,,
29/01/2026,05:30 PAM,Night,40.2,45.5,2640,2.31,6.62,7.29,3.52,2.09,2.56,250,76,43.8,,
30/01/2026,4:30 PM,Day,44.4,45.2,2640,8.21,2.21,3,6.29,2.39,2.96,275,76,52.9,,
30/01/2026,5:30 AM,Night,38.9,41.2,2640,2.76,5.37,8.59,2.56,1.99,2.7,275,76,49.7,,
31/01/2026,04:30 PM,Day,46.7,51.4,2790,2.77,3.51,2.69,2.01,5.47,6.56,275,86,50.5,,
31/01/2026,5:20 AM,Night,39.3,43.3,2790,2.37,3.86,5.62,2.17,4.35,5.66,275,86,50.5,,
FEBRUARY,,,,,,,,,,,,,,,,
01/02/2026,4:00 PM,DAY,44.70,46.30,2.77,3.14,"2,640",2.31,1.54,7.64,3.43,782,76,50.01,,
01/02/2026,5:15 PM,NIGHT,40.10,42.30,2.11,2.79,"2,640",2.01,5.56,6.91,2.84,783,76,46.00,,
02/02/2026,5:30 PM,DAY,46.70,54.60,3.99,5.43,"2,790",2.51,2.18,5.89,1.74,250,86,444.20,,
02/02/2026,5:15 AM,NIGHT,45.00,50.70,4.34,4.56,"2,790",4.94,6.53,5.84,5.11,782,86,245.14,,
03/02/2026,5:30 PM,DAY,44.80,48.90,1.89,2.04,"2,640",3.28,7.05,6.89,2.57,250,76,246.70,,
03/02/2026,5:33 AM,NIGHT,36.30,37.00,2.18,6.05,"2,640",3.26,3.61,6.72,3.41,240,76,47.80,,
04/02/2026,4:30 PM,DAY,43.40,44.00,1.74,3.01,"2,790",6.26,2.41,2.75,2.81,250,78,45.00,,
04/02/2026,5:00 AM,NIGHT,38.30,44.10,2.51,3.42,"2,790",5.84,5.11,4.94,6.53,246,86,45.10,,
05/02/2026,4:30 PM,DAY,45.70,47.30,2.85,3.58,"2,640",6.95,4.67,4.05,6.59,250,76,47.10,,
05/02/2026,5:30 AM,NIGHT,39.40,42.00,1.94,2.33,"2,640",2.01,5.42,6.86,2.53,240,76,51.50,,
06/02/2026,5:54 PM,DAY,44.40,46.00,5.99,1.49,"2,790",4.69,4.11,3.22,2.14,250,81,246.20,,
06/02/2026,5:00 AM,NIGHT,39.50,41.20,14.92,2.79,"2,790",2.62,2.11,14.31,2.84,200,86,47.00,,
07/02/2026,5:30 PM,DAY,45.60,49.20,1.90,2.06,"2,640",5.16,6.54,3.12,3.45,250,76,46.30,,
07/02/2026,5:00 AM,NIGHT,36.00,39.00,10.88,1.62,"2,640",3.17,16.65,8.74,2.45,250,76,46.30,,
08/02/2026,5:30 PM,DAY,44.30,48.10,1.62,2.31,"2,640",3.06,5.31,7.82,2.66,250,76,50.10,,
08/02/2026,5:35 AM,NIGHT,39.00,42.90,5.64,6.26,"2,790",2.82,4.61,6.82,3.56,250,76,50.70,,
09/02/2026,5:30 PM,DAY,47.70,52.80,5.79,4.34,"2,790",2.37,3.42,3.57,1.86,250,86,51.40,,
09/02/2026,5:45 AM,NIGHT,37.50,41.10,0.76,0.78,"2,640",1.06,1.13,2.25,1.50,250,76,50.10,,
10/02/2026,5:20 PM,DAY,40.30,48.00,4.09,5.61,"2,790",2.95,4.11,4.92,2.81,250,86,57.60,,
10/02/2026,5:05 AM,NIGHT,37.50,40.40,2.53,3.62,"2,640",2.42,6.13,5.60,3.50,250,76,51.50,,
11/02/2026,4:30 PM,DAY,42.20,45.50,3.18,2.11,"2,790",2.78,2.86,7.92,1.80,256,86,53.70,,
11/02/2026,5:04 AM,NIGHT,38.70,43.60,3.11,4.09,"2,790",3.61,3.44,4.05,4.44,250,86,54.90,,
12/02/2026,5:45 PM,DAY,44.10,48.30,4.20,6.93,"2,790",3.55,3.39,5.33,2.69,280,86,54.30,,
12/02/2026,5:00 AM,NIGHT,37.90,42.20,2.04,2.91,"2,640",2.18,3.11,6.36,2.97,250,76,54.30,,
13/02/2026,5:50 PM,DAY,44.50,45.70,3.03,3.57,"2,640",2.38,8.29,4.94,3.11,280,76,53.50,,
13/02/2026,5:00 AM,NIGHT,35.60,40.50,4.55,5.91,"2,790",2.81,3.92,7.32,1.97,250,86,54.90,,
14/02/2026,4:12 PM,DAY,42.10,42.00,3.93,3.18,"2,640",2.12,2.19,4.21,4.71,250,76,54.40,,
14/02/2026,6:00 AM,NIGHT,33.70,41.00,2.78,3.11,"2,640",2.46,3.11,3.28,4.12,250,76,54.60,,
15/02/2026,5:00 PM,DAY,45.40,46.30,2.35,2.61,"2,640",3.33,7.70,7.03,5.17,250,76,54.80,,
15/02/2026,5:22 PM,NIGHT,37.40,40.00,5.96,4.01,"2,790",4.06,3.73,5.47,6.64,250,76,55.30,,
16/02/2026,5:21 PM,DAY,46.50,51.00,4.53,5.15,"2,790",2.19,3.01,4.42,3.20,325,86,68.10,,
16/02/2026,5:30 PM,NIGHT,40.10,46.00,5.08,5.11,"2,790",2.13,2.71,5.92,1.84,300,86,66.00,,
17/02/2026,5:50 AM,NIGHT,38.50,41.00,2.10,2.95,"2,640",2.30,3.15,6.10,2.85,250,76,54.10,,
18/02/2026,4:30 PM,DAY,44.00,46.50,2.25,3.05,"2,640",2.45,3.20,5.80,3.10,250,76,54.50,,
18/02/2026,5:30 AM,NIGHT,37.00,40.50,2.05,2.80,"2,640",2.15,3.05,6.05,2.90,250,76,53.90,,
19/02/2026,4:30 PM,DAY,45.20,49.00,4.10,5.20,"2,790",2.60,3.40,5.50,2.10,280,86,56.00,,
19/02/2026,5:30 AM,NIGHT,36.50,39.80,2.12,2.88,"2,640",2.20,3.10,6.15,2.95,250,76,54.00,,
20/02/2026,5:30 PM,DAY,46.00,50.50,4.25,5.35,"2,790",2.75,3.55,5.40,2.05,280,86,56.50,,
20/02/2026,5:40 AM,NIGHT,37.20,40.20,2.15,2.90,"2,640",2.25,3.12,6.20,2.92,250,76,54.20,,
21/02/2026,4:45 PM,DAY,45.80,49.50,4.15,5.25,"2,790",2.65,3.45,5.45,2.12,280,86,56.20,,
21/02/2026,6:00 AM,NIGHT,36.80,39.50,2.08,2.85,"2,640",2.18,3.08,6.12,2.88,250,76,53.80,,
22/02/2026,4:45 PM,DAY,46.20,51.20,4.30,5.40,"2,790",2.80,3.60,5.35,2.02,285,86,57.10,,
22/02/2026,5:30 AM,NIGHT,37.00,40.00,2.14,2.88,"2,640",2.22,3.10,6.18,2.90,250,76,54.00,,
23/02/2026,4:30 PM,DAY,45.50,49.20,4.20,5.30,"2,790",2.70,3.50,5.42,2.10,280,86,56.40,,
23/02/2026,5:30 AM,NIGHT,36.50,39.20,2.10,2.82,"2,640",2.16,3.05,6.10,2.85,250,76,53.60,,
24/02/2026,5:15 PM,DAY,45.90,49.80,4.22,5.32,"2,790",2.72,3.52,5.44,2.08,280,86,56.60,,
25/02/2026,5:30 PM,DAY,46.40,51.50,4.35,5.45,"2,790",2.85,3.65,5.30,2.00,285,86,57.30,,
26/02/2026,6:00 AM,NIGHT,37.40,40.60,2.18,2.92,"2,640",2.26,3.15,6.22,2.95,250,76,54.40,,
27/02/2026,5:30 PM,DAY,45.70,49.40,4.18,5.28,"2,790",2.68,3.48,5.48,2.15,280,86,56.10,,
27/02/2026,5:40 AM,NIGHT,36.90,39.60,2.12,2.86,"2,640",2.20,3.08,6.14,2.88,250,76,53.90,,
28/02/2026,5:30 AM,NIGHT,37.10,40.10,2.16,2.89,"2,640",2.24,3.12,6.16,2.91,250,76,54.10,,
MARCH,,,,,,,,,,,,,,,,
01/03/2026,5:48 PM,DAY,46.10,50.20,4.28,5.38,"2,790",2.76,3.56,5.38,2.04,282,86,56.80,,
01/03/2026,5:30 AM,NIGHT,36.60,39.40,2.11,2.84,"2,640",2.18,3.06,6.11,2.86,250,76,53.70,,
02/03/2026,5:50 AM,NIGHT,36.70,39.50,2.12,2.85,"2,640",2.19,3.07,6.12,2.87,250,76,53.80,,
03/03/2026,5:53 PM,DAY,45.60,49.30,4.19,5.29,"2,790",2.69,3.49,5.46,2.14,280,86,56.20,,
03/03/2026,5:15 AM,NIGHT,36.80,39.70,2.13,2.87,"2,640",2.21,3.09,6.13,2.89,250,76,53.90,,
04/03/2026,5:30 PM,DAY,46.30,50.80,4.32,5.42,"2,790",2.82,3.62,5.32,2.01,284,86,57.00,,
04/03/2026,5:45 AM,NIGHT,37.30,40.40,2.17,2.91,"2,640",2.25,3.14,6.21,2.94,250,76,54.30,,
05/03/2026,5:30 AM,NIGHT,37.00,40.00,2.14,2.88,"2,640",2.22,3.10,6.18,2.90,250,76,54.00,,
06/03/2026,4:30 PM,DAY,45.40,49.10,4.17,5.27,"2,790",2.68,3.48,5.49,2.16,280,86,56.00,,
06/03/2026,5:00 PM,NIGHT,36.40,39.10,2.09,2.81,"2,640",2.15,3.04,6.09,2.84,250,76,53.50,,
07/03/2026,5:30 AM,NIGHT,36.90,39.80,2.12,2.86,"2,640",2.20,3.08,6.14,2.88,250,76,53.90,,
08/03/2026,4:07 PM,DAY,46.00,50.00,4.25,5.35,"2,790",2.75,3.55,5.40,2.05,282,86,56.70,,
08/03/2026,5:30 AM,NIGHT,36.60,39.30,2.10,2.83,"2,640",2.17,3.05,6.10,2.85,250,76,53.60,,
10/03/2026,5:21 AM,NIGHT,37.20,40.50,2.16,2.89,"2,640",2.23,3.11,6.19,2.91,250,76,54.20,,
11/03/2026,4:30 PM,DAY,46.6,47.5,4.24,2.61,"2,640",2.25,2.18,6.81,2.68,250,76,45.75,,
11/03/2026,5:30 AM,NIGHT,36.9,41.4,1.64,1.51,"2,640",1.84,2.68,5.22,2.34,250,76,53.82,,
12/03/2026,4:30 PM,DAY,45.5,47.7,3.36,3.7,"2,790",2.34,3.37,4.39,2.38,280,86,57.7,,
12/03/2026,5:30 AM,NIGHT,36.2,40.8,2.02,3.27,"2,640",1.19,3.13,2.54,2.09,250,76,49.25,,
13/03/2026,4:30 PM,DAY,44.2,50,3.44,4.09,"2,790",2.95,3.77,7.25,3.26,280,86,65.68,,
13/03/2026,5:30 AM,NIGHT,36.7,40.4,2.03,2.25,"2,640",2.01,2.64,5.14,1.64,250,76,48.2,,
14/03/2026,4:30 PM,DAY,44.9,51.6,2.21,5.38,"2,790",2.86,2.4,5.23,3.08,325,81,65.27,,
14/03/2026,5:30 AM,NIGHT,37.6,39.3,1.75,3.27,"2,640",2.37,2.35,5.29,1.93,250,76,51.79,,
15/03/2026,4:30 PM,DAY,44.5,50.5,3.38,5.99,"2,790",2.69,3.34,5.63,2.75,280,81,55.94,,
15/03/2026,5:30 AM,NIGHT,38,42,1.95,1.82,"2,640",2.29,1.44,2.89,2.86,250,76,51.36,,
16/03/2026,4:30 PM,DAY,44.9,49.3,4.85,5.19,"2,790",3.14,3.22,4.44,3.29,325,86,58.76,,
16/03/2026,5:30 AM,NIGHT,37.2,39.6,2.3,2.17,"2,640",1,2.69,5.29,3.44,250,76,46.96,,
17/03/2026,4:30 PM,DAY,45.8,47.2,5.49,4.6,"2,790",2.51,2.29,7.62,3.36,285,86,60.84,,
17/03/2026,5:30 AM,NIGHT,36.4,40.5,1.89,0.93,"2,640",2.48,2.87,3.23,1.98,250,76,52.59,,
18/03/2026,4:30 PM,DAY,46.7,46.8,3.61,3.24,"2,790",2.62,2.99,5.01,3.27,250,86,61.55,,
18/03/2026,5:30 AM,NIGHT,38.9,39.8,1.79,1.05,"2,640",1.47,3.29,4.99,2.38,250,76,48.02,,
19/03/2026,4:30 PM,DAY,46.1,47.4,5.44,5.51,"2,640",2.34,2.13,6.4,2.11,285,76,45.57,,
19/03/2026,5:30 AM,NIGHT,37,41.7,1.69,2.98,"2,640",1.32,1.39,6.22,2.64,250,76,53.27,,
20/03/2026,4:30 PM,DAY,44.3,48.6,5.74,2.84,"2,640",2.57,2.84,6.77,2.91,280,76,48.22,,
20/03/2026,5:30 AM,NIGHT,37.4,42.4,1.28,1.42,"2,640",1.37,1.52,4.13,2.34,250,76,54.31,,
21/03/2026,4:30 PM,DAY,44.3,49.9,2.9,3.92,"2,790",2.69,2.03,4.35,3.06,325,86,60.74,,
21/03/2026,5:30 AM,NIGHT,39.5,42.6,2.35,1.53,"2,640",1.25,1.1,3.88,3.35,250,76,52.27,,
22/03/2026,4:30 PM,DAY,44.7,47.3,2.19,4.17,"2,640",2.16,3.32,4.23,2.26,325,76,52.36,,
22/03/2026,5:30 AM,NIGHT,38.1,39.2,2.51,1.87,"2,640",1.76,2.97,2.49,1.64,250,76,54.47,,
23/03/2026,4:30 PM,DAY,46.1,49.7,2.78,5.01,"2,790",2.56,3.05,5.99,3.38,280,86,57.34,,
23/03/2026,5:30 AM,NIGHT,37.6,41.7,1.66,3.6,"2,640",1.45,1.8,5.43,1.65,250,76,54.96,,
24/03/2026,4:30 PM,DAY,44.7,47.6,2.6,5.42,"2,790",3.13,3.59,7.34,2.37,250,86,63.85,,
24/03/2026,5:30 AM,NIGHT,38.4,42.9,2.09,3.42,"2,640",1.98,1.12,5.71,2.1,250,76,47.21,,
25/03/2026,4:30 PM,DAY,46.6,46.9,5.24,4.27,"2,640",2.41,2.38,5.3,2.94,250,76,47.01,,
25/03/2026,5:30 AM,NIGHT,39.6,39.2,0.97,3.54,"2,640",1.95,2.92,2.39,2.17,250,76,47.45,,
26/03/2026,4:30 PM,DAY,46.5,49.4,2.14,3.79,"2,790",2.22,3.7,6.63,1.97,325,86,61.74,,
26/03/2026,5:30 AM,NIGHT,37.7,39.2,1.45,2.68,"2,640",1.55,3.15,6.38,1.58,250,76,52,,
27/03/2026,4:30 PM,DAY,47.1,48.4,5.71,5.34,"2,790",2.78,2.28,7.53,3.26,285,86,66.34,,
27/03/2026,5:30 AM,NIGHT,36.1,41.9,2.4,1.47,"2,640",1.5,3.15,5.65,3.23,250,76,53.09,,
28/03/2026,4:30 PM,DAY,47.1,51.2,5.02,3.3,"2,790",2.34,3.47,5.75,2.25,250,81,54.33,,
28/03/2026,5:30 AM,NIGHT,36.8,40.3,1.54,3.55,"2,640",2.3,3.23,3.4,2.78,250,76,50.83,,
29/03/2026,4:30 PM,DAY,47.1,47.6,3.31,5.25,"2,640",2.74,3.77,4.15,2.77,250,76,48.49,,
29/03/2026,5:30 AM,NIGHT,39.9,39.5,1.79,3.04,"2,640",2.35,1.52,2.39,2.37,250,76,52.18,,
30/03/2026,4:30 PM,DAY,45.5,51.7,5.42,4.27,"2,790",3.11,3.12,6.52,1.92,280,81,63.34,,
30/03/2026,5:30 AM,NIGHT,37.3,41.8,2.27,1.2,"2,640",1.83,1.52,5.06,2.26,250,76,51.12,,
31/03/2026,4:30 PM,DAY,46.9,47.8,3.68,4.86,"2,790",2.33,3.41,6.31,2.28,325,86,61.16,,
31/03/2026,5:30 AM,NIGHT,39.2,42.8,2,0.97,"2,640",2.1,2.55,3.42,2.83,250,76,54.57,,
APRIL,,,,,,,,,,,,,,,,
01/04/2026,4:30 PM,DAY,45.1,50.8,4.92,4.09,"2,790",2.26,2.08,7.74,2.8,280,86,66.41,,
01/04/2026,5:30 AM,NIGHT,38.3,41.9,2.57,3.2,"2,640",1.58,1.98,2.83,2.88,250,76,53.97,,
02/04/2026,4:30 PM,DAY,44.6,51.7,3.73,5.3,"2,640",2.67,2.09,4.95,3.23,325,76,50.34,,
02/04/2026,5:30 AM,NIGHT,40,41.4,1.76,3.11,"2,640",2.43,3.06,4.83,2.94,250,76,50.93,,
03/04/2026,4:30 PM,DAY,47,48.7,3.84,3.34,"2,790",2.93,3.51,5.05,3.1,280,86,60.16,,
03/04/2026,5:30 AM,NIGHT,38.9,39.9,1.5,1.14,"2,640",1.5,3.06,2.55,1.8,250,76,47.93,,
04/04/2026,4:30 PM,DAY,45.2,48.8,5.6,2.57,"2,790",2.17,3.5,5.48,3.09,325,81,66.33,,
04/04/2026,5:30 AM,NIGHT,38.3,40.9,2.46,2.26,"2,640",2.41,1.76,3.88,3.28,250,76,52.61,,
05/04/2026,4:30 PM,DAY,44.8,48.6,2.63,4.14,"2,790",2.13,2.61,6.58,2.43,280,81,55.79,,
05/04/2026,5:30 AM,NIGHT,38.5,39.1,0.98,2.04,"2,640",1.59,2.34,2.32,2.79,250,76,46.45,,
06/04/2026,4:30 PM,DAY,44.7,48,2.96,2.79,"2,790",2.94,2.68,6.86,3.2,325,81,54.27,,
06/04/2026,5:30 AM,NIGHT,38.2,43,2.28,3.45,"2,640",1.52,2.53,5.56,2.8,250,76,47.79,,
07/04/2026,4:30 PM,DAY,44.5,46.8,4.91,3.09,"2,790",2.84,3.02,4.83,2.96,250,86,62.5,,
07/04/2026,5:30 AM,NIGHT,39,39.5,1.36,2.66,"2,640",2.23,3.22,2.66,1.55,250,76,54.62,,
08/04/2026,4:30 PM,DAY,44.7,49.6,4.6,5.32,"2,790",3.01,2.44,6.65,2.24,325,86,65.15,,
08/04/2026,5:30 AM,NIGHT,38.3,39.2,0.73,1.92,"2,640",1.8,2.56,2.5,2.8,250,76,50.41,,
09/04/2026,4:30 PM,DAY,46.2,51,3.03,5.33,"2,790",2.88,2.78,6.79,3.44,325,81,61.53,,
09/04/2026,5:30 AM,NIGHT,37.9,40.7,0.88,3.26,"2,640",2.1,1.69,5.86,3.16,250,76,48.19,,
10/04/2026,4:30 PM,DAY,46.1,48.3,5.03,3.69,"2,790",2.13,3.53,4.69,2.08,325,86,66.32,,
10/04/2026,5:30 AM,NIGHT,38.8,40.1,1.73,2.9,"2,640",1.02,3.19,2.57,2.94,250,76,52.22,,
11/04/2026,4:30 PM,DAY,46.8,46.6,3.8,4.36,"2,790",2.34,3.25,5.16,2.75,325,81,59.96,,
11/04/2026,5:30 AM,NIGHT,39,40.3,1.1,1.05,"2,640",2.05,1.7,3.28,1.74,250,76,50.82,,
12/04/2026,4:30 PM,DAY,44.8,48.9,2.38,3.18,"2,640",2.9,3.76,5.99,2.21,280,76,46.82,,
12/04/2026,5:30 AM,NIGHT,36.7,39.1,2.16,1.07,"2,640",1.8,1.7,6.39,2.61,250,76,53.82,,
13/04/2026,4:30 PM,DAY,47.1,49.4,5.58,4.17,"2,640",2.62,2.79,4.7,1.79,325,76,51.58,,
13/04/2026,5:30 AM,NIGHT,37.6,39.3,1.34,3.58,"2,640",1.94,1.22,2.84,2.63,250,76,47.07,,
14/04/2026,4:30 PM,DAY,46.1,49.7,4.24,4,"2,790",2.95,2.68,7.45,2.24,325,86,61.96,,
14/04/2026,5:30 AM,NIGHT,36.2,42.8,0.87,1.4,"2,640",1.15,2.78,4.89,2.03,250,76,50.97,,
15/04/2026,4:30 PM,DAY,45.4,50.1,5.27,2.75,"2,640",2.62,2.06,5.09,2.21,280,76,46.87,,
15/04/2026,5:30 AM,NIGHT,37.1,42.2,1.17,1.13,"2,640",1.88,2.87,3.05,1.73,250,76,48.39,,
16/04/2026,4:30 PM,DAY,44.2,50.8,3.78,3.56,"2,640",2.75,3.48,7.5,2.49,280,76,48.22,,
16/04/2026,5:30 AM,NIGHT,37.1,41.2,1.97,0.78,"2,640",1.66,2.42,6.02,2.97,250,76,48.06,,
17/04/2026,4:30 PM,DAY,46.9,49.5,3.06,5.99,"2,790",2.94,2.32,5.97,2.5,250,86,60.1,,
17/04/2026,5:30 AM,NIGHT,39.3,42.9,1.04,1.89,"2,640",1.71,2,3.58,1.71,250,76,50.46,,
18/04/2026,4:30 PM,DAY,44.1,46.5,5.13,2.5,"2,790",2.38,2.21,6.94,3.26,325,86,66.17,,
18/04/2026,5:30 AM,NIGHT,37.8,39.2,0.81,1.47,"2,640",1.78,2.47,4.34,2.38,250,76,47.18,,
19/04/2026,4:30 PM,DAY,47.1,48.9,3.18,2.55,"2,790",2.13,3.13,7.04,2.98,285,81,59.71,,
19/04/2026,5:30 AM,NIGHT,36.9,42.4,2.66,1.55,"2,640",1.17,3.18,4.99,1.81,250,76,52.35,,
20/04/2026,4:30 PM,DAY,47.4,47.5,5.34,5.52,"2,790",2.71,2.69,7.5,2.61,325,81,57.87,,
20/04/2026,5:30 AM,NIGHT,39.2,40.7,1.33,2.4,"2,640",2.4,2.22,5.73,2.07,250,76,54.99,,
21/04/2026,4:30 PM,DAY,45.6,48.9,5.3,5.93,"2,640",2.47,3.37,5.43,3.38,325,76,46.91,,
21/04/2026,5:30 AM,NIGHT,37.5,42.4,1.5,3.57,"2,640",1.62,1.8,4.23,3.33,250,76,53.13,,
22/04/2026,4:30 PM,DAY,47.4,46.8,2.38,5.69,"2,790",3.16,2.6,4.38,3.22,280,81,54.21,,
22/04/2026,5:30 AM,NIGHT,36.6,42.5,2.01,1.85,"2,640",2.45,1.26,5.56,2.03,250,76,46.72,,
23/04/2026,4:30 PM,DAY,47,48.3,2.14,2.74,"2,790",2.45,3.29,6.89,3.27,285,86,62.84,,
23/04/2026,5:30 AM,NIGHT,39.7,43,2.53,1.99,"2,640",2.12,2.05,2.62,2.77,250,76,52.25,,
24/04/2026,4:30 PM,DAY,45.1,46.3,4.59,3.13,"2,640",2.49,2.78,4.93,2.44,250,76,46.4,,
24/04/2026,5:30 AM,NIGHT,38.4,40.5,2.04,2.03,"2,640",2.02,2.19,4.71,1.96,250,76,52,,
25/04/2026,4:30 PM,DAY,46.4,46.9,3.61,3.38,"2,790",2.59,2.62,6.23,2.85,325,81,65.83,,
25/04/2026,5:30 AM,NIGHT,36.8,40.5,2.78,1.56,"2,640",1.72,1.62,4.66,2.65,250,76,54.8,,
26/04/2026,4:30 PM,DAY,44,51.2,5.16,5.66,"2,790",2.96,3.75,7.46,3.04,325,81,64.86,,
26/04/2026,5:30 AM,NIGHT,36.9,42.2,2.31,2.67,"2,640",1.33,1.52,3.28,3.01,250,76,47.23,,
27/04/2026,4:30 PM,DAY,46.3,47.9,3.12,5.12,"2,790",2.58,3.04,6.78,1.86,250,86,56.46,,
27/04/2026,5:30 AM,NIGHT,36.5,41.2,1.24,3.09,"2,640",2.46,2.27,6.13,3.16,250,76,50.34,,
28/04/2026,4:30 PM,DAY,47,50.8,4.57,4.86,"2,790",2.62,2.14,6.87,2.11,285,86,59.56,,
28/04/2026,5:30 AM,NIGHT,39.4,41.2,1.47,2.87,"2,640",1.14,1.97,3.34,1.75,250,76,48.36,,
29/04/2026,4:30 PM,DAY,47.3,46.7,5.48,3.27,"2,790",2.36,2.05,7.36,2.71,325,86,54.89,,
29/04/2026,5:30 AM,NIGHT,39.3,42.6,1.34,2.13,"2,640",1.45,2,2.8,3.39,250,76,46.87,,
30/04/2026,4:30 PM,DAY,45.6,50,2.59,3.95,"2,790",2.92,3.7,5.59,3.04,280,81,55.39,,
30/04/2026,5:30 AM,NIGHT,38,40.6,2.7,3.18,"2,640",2.43,1.17,3.79,2.39,250,76,46.89,,
MAY,,,,,,,,,,,,,,,,
01/05/2026,4:30 PM,DAY,47.2,49.9,5.13,2.82,"2,790",2.17,2.5,7.68,3.41,285,86,56.97,,
01/05/2026,5:30 AM,NIGHT,38.6,42.9,1.13,3.11,"2,640",1.08,1.83,6.45,3.07,250,76,50.99,,
02/05/2026,4:30 PM,DAY,45.1,46.9,2.49,3.38,"2,640",3.09,2.01,7.26,1.96,280,76,46.4,,
02/05/2026,5:30 AM,NIGHT,38.6,39.1,1.07,0.85,"2,640",1.02,2.84,3.22,2.15,250,76,52.68,,
03/05/2026,4:30 PM,DAY,44.2,48.7,4.34,5.05,"2,790",2.5,3.07,5.72,2.1,250,86,66.72,,
03/05/2026,5:30 AM,NIGHT,38.6,40.2,1.6,1.01,"2,640",1.97,1.17,6.49,3.19,250,76,52.41,,
04/05/2026,4:30 PM,DAY,47.1,47.9,4.71,3.83,"2,640",2.26,2.23,6.37,2.75,325,76,49.78,,
04/05/2026,5:30 AM,NIGHT,37.2,41,2.54,2.3,"2,640",1.65,2.84,2.69,2.81,250,76,53.79,,
05/05/2026,4:30 PM,DAY,47.1,48.5,3.19,3.39,"2,790",3.01,2.72,6.77,2.26,325,81,67.35,,
05/05/2026,5:30 AM,NIGHT,38.7,40.9,1.48,1.08,"2,640",1.14,1.29,4.06,2.99,250,76,46.54,,
06/05/2026,4:30 PM,DAY,44.4,48.1,5.68,4.6,"2,790",2.83,3.35,7.3,3,285,86,58.92,,
06/05/2026,5:30 AM,NIGHT,38.3,39.9,1.47,2.91,"2,640",1.99,1.59,2.67,3.19,250,76,51.17,,
07/05/2026,4:30 PM,DAY,47.4,50.9,5.15,3.44,"2,790",2.77,3.16,4.1,3.37,325,86,56.53,,
07/05/2026,5:30 AM,NIGHT,38.8,40.2,1.54,1.11,"2,640",1.51,1.11,5.94,2.63,250,76,51.7,,
08/05/2026,4:30 PM,DAY,46.6,47.3,4.95,4.49,"2,640",2.56,2.61,5.41,3,250,76,45.68,,
08/05/2026,5:30 AM,NIGHT,36.2,39.6,1.72,1.98,"2,640",1.93,2.58,3.37,2.82,250,76,48.46,,
09/05/2026,4:30 PM,DAY,45.5,47.7,3.5,4.6,"2,790",2.85,2.88,6.54,1.78,250,81,54.11,,
09/05/2026,5:30 AM,NIGHT,37.2,39.8,2.27,1.21,"2,640",1.21,1.66,3.61,1.52,250,76,49.42,,
10/05/2026,4:30 PM,DAY,46,50,3.75,2.77,"2,790",2.49,2.71,6.82,2.49,280,86,58.38,,
10/05/2026,5:30 AM,NIGHT,37.7,40.6,1.06,3.45,"2,640",1.96,1.74,3.94,3.43,250,76,50.14,,
11/05/2026,4:30 PM,DAY,45.5,46.6,4.83,3.28,"2,640",2.58,2.72,4.3,3.27,285,76,51.23,,
11/05/2026,5:30 AM,NIGHT,36.3,41.5,2.71,2.57,"2,640",1.8,1.53,5.54,2.2,250,76,47.33,,
12/05/2026,4:30 PM,DAY,44.9,47,4.39,4.12,"2,640",2.27,3.37,4.29,3.41,250,76,49.51,,
12/05/2026,5:30 AM,NIGHT,38.3,41.7,2.74,1.62,"2,640",2.32,2.51,6.44,2.15,250,76,49.96,,
13/05/2026,4:30 PM,DAY,46.2,50.8,2.14,3.79,"2,790",2.75,2.63,4.28,2.53,325,81,58.02,,
13/05/2026,5:30 AM,NIGHT,38.6,42.9,2.7,2.84,"2,640",1.14,2.41,3.85,2.66,250,76,46.37,,
14/05/2026,4:30 PM,DAY,46.1,49,5.73,2.8,"2,790",3.15,2.81,7.08,3.21,280,81,63.05,,
14/05/2026,5:30 AM,NIGHT,36.2,41.8,2.63,1.82,"2,640",2.49,2.25,4.82,2.23,250,76,52.97,,
15/05/2026,4:30 PM,DAY,46.3,46.4,4.49,5.67,"2,790",2.2,3.22,5.08,3,250,86,66.23,,
15/05/2026,5:30 AM,NIGHT,37.3,41.3,1.52,2.43,"2,640",1.21,1.87,6.36,2.9,250,76,54.44,,
16/05/2026,4:30 PM,DAY,45.3,50.7,4.6,4.34,"2,790",2.99,3.21,7.15,3.03,285,86,63.04,,
16/05/2026,5:30 AM,NIGHT,37.7,40.4,1.72,1.36,"2,640",1.54,1.5,3.12,3.4,250,76,47.24,,
17/05/2026,4:30 PM,DAY,47,46.6,3.28,5.18,"2,790",2.95,3.5,7.36,1.77,250,81,55.83,,
17/05/2026,5:30 AM,NIGHT,37.5,39.6,1.62,1.89,"2,640",2.25,2.8,5.68,1.83,250,76,52.09,,
18/05/2026,4:30 PM,DAY,46.1,50.5,4.98,5.66,"2,790",2.96,2.42,4.91,3.44,280,81,56.72,,
18/05/2026,5:30 AM,NIGHT,38.7,41.3,1.58,1.17,"2,640",1.66,2.79,5.55,2.51,250,76,47.8,,
19/05/2026,4:30 PM,DAY,44.2,48.9,2.47,2.79,"2,790",2.51,3.68,6.7,2.63,280,81,56.24,,
19/05/2026,5:30 AM,NIGHT,37.8,41.1,2.56,3.4,"2,640",2.25,1.3,6.12,3.13,250,76,49.73,,
20/05/2026,4:30 PM,DAY,45.3,48.3,4.72,3.67,"2,790",2.19,2.4,5.21,1.88,325,86,56.04,,
20/05/2026,5:30 AM,NIGHT,36.2,42.7,1.99,3.33,"2,640",1.71,2.93,5.46,2.44,250,76,46.17,,
21/05/2026,4:30 PM,DAY,45.9,50.4,2.18,3.97,"2,640",2.68,2.2,5.09,2.24,280,76,51.35,,
21/05/2026,5:30 AM,NIGHT,37.8,39.4,1.21,1.12,"2,640",2.36,2.41,2.27,2.53,250,76,49.86,,
22/05/2026,4:30 PM,DAY,46,47.1,4.07,5.25,"2,640",2.84,2.94,5.37,3.42,285,76,49.06,,
22/05/2026,5:30 AM,NIGHT,36.1,42.5,1.45,0.9,"2,640",1.07,1.95,3.81,2.99,250,76,48.17,,
23/05/2026,4:30 PM,DAY,46.6,48,4.96,4.13,"2,790",2.15,2.98,7.09,2.02,250,86,63.74,,
23/05/2026,5:30 AM,NIGHT,38.5,42.2,0.79,1.28,"2,640",1.09,2.81,4.17,2.09,250,76,46.38,,
24/05/2026,4:30 PM,DAY,45.4,50.9,5.28,2.67,"2,790",2.62,2.07,6.46,2.21,285,86,63.18,,
24/05/2026,5:30 AM,NIGHT,37.1,42.2,1.41,1.24,"2,640",1.66,1.98,4.09,3.41,250,76,52.23,,
25/05/2026,4:30 PM,DAY,44.9,46.5,3.12,2.86,"2,790",2.57,2.78,7.78,2.02,285,86,58.59,,
25/05/2026,5:30 AM,NIGHT,37.2,40.8,2.23,3.34,"2,640",2.08,1.47,4.11,2.39,250,76,51.53,,
26/05/2026,4:30 PM,DAY,46.2,50.7,4.85,3.06,"2,790",2.16,3.21,5.54,2.62,325,81,54.44,,
26/05/2026,5:30 AM,NIGHT,39.4,41.7,1.46,3.45,"2,640",1.66,1.38,3.21,2.79,250,76,46.29,,
27/05/2026,4:30 PM,DAY,45.6,48.2,3.19,3.48,"2,790",2.59,2.14,4.52,2.36,280,86,67.45,,
27/05/2026,5:30 AM,NIGHT,36.1,39.7,2.18,1.32,"2,640",1.78,3.11,2.71,3.05,250,76,51.51,,
28/05/2026,4:30 PM,DAY,44.4,51.1,4.59,5.46,"2,640",2.6,3.62,5.69,1.86,325,76,47.56,,
28/05/2026,5:30 AM,NIGHT,37.4,39.3,2.65,2.55,"2,640",1.81,3.06,5.86,2.92,250,76,53.14,,
29/05/2026,4:30 PM,DAY,47.4,50.8,3.78,5.94,"2,640",2.36,2.89,5.37,2.73,280,76,46.04,,
29/05/2026,5:30 AM,NIGHT,39.5,39.3,1.56,2.37,"2,640",1.6,2.68,4.26,2.32,250,76,47.13,,
30/05/2026,4:30 PM,DAY,44.3,48.8,4.23,5.19,"2,790",2.67,2.23,7.15,2.69,285,86,55.81,,
30/05/2026,5:30 AM,NIGHT,38,42.5,2.66,1.35,"2,640",2.25,2.24,3.51,1.82,250,76,54.53,,
31/05/2026,4:30 PM,DAY,44.9,49.8,3.91,3.09,"2,640",2.71,2.23,5.15,2.66,285,76,52.53,,
31/05/2026,5:30 AM,NIGHT,36.6,41.6,2.43,0.78,"2,640",2.08,2.43,5.82,2.63,250,76,46.41,,
JUNE,,,,,,,,,,,,,,,,
01/06/2026,4:30 PM,DAY,44.7,49.4,3.56,57.43,"2,790",2.78,2.05,7.38,2.68,285,86,57.43,,
01/06/2026,5:30 AM,NIGHT,39.2,40.6,1.69,47.29,"2,640",1.68,2.61,2.88,2.33,250,76,47.29,,
02/06/2026,4:30 PM,DAY,47.5,48.1,2.93,60.29,"2,790",2.54,3.37,5.96,1.89,285,86,60.29,,
02/06/2026,5:30 AM,NIGHT,36.6,39.2,3.06,54.4,"2,640",2.42,3,4,3.43,250,76,54.4,,
03/06/2026,4:30 PM,DAY,46.7,49,4.27,52.73,"2,640",2.67,2.9,5.17,1.74,285,76,52.73,,
03/06/2026,5:30 AM,NIGHT,36.9,40.4,2.26,53.62,"2,640",1.08,2.19,5.99,2.81,250,76,53.62,,
04/06/2026,4:30 PM,DAY,47.1,50.4,4.44,45.59,"2,640",2.94,2.66,5.52,2.73,325,76,45.59,,
04/06/2026,5:30 AM,NIGHT,38,42.1,1.84,53.15,"2,640",1.42,3.28,5.13,1.74,250,76,53.15,,
05/06/2026,4:30 PM,DAY,47.3,50.5,3.67,60.63,"2,790",2.32,2.92,5.9,1.78,285,86,60.63,,
05/06/2026,5:30 AM,NIGHT,37.8,41.4,2.84,48.69,"2,640",1.77,1.82,4.84,1.83,250,76,48.69,,
06/06/2026,4:30 PM,DAY,46.9,49.2,5.93,62.17,"2,790",2.88,2.54,7.1,2.36,285,86,62.17,,
06/06/2026,5:30 AM,NIGHT,39.2,41.9,2.95,51.2,"2,640",2.03,1.16,4.24,3.43,250,76,51.2,,
07/06/2026,4:30 PM,DAY,45.7,49.1,4.5,63.81,"2,790",2.89,3.39,5.44,3.18,250,86,63.81,,
07/06/2026,5:30 AM,NIGHT,36.8,40.8,2.07,53.64,"2,640",1.63,2.01,3.08,2.5,250,76,53.64,,
08/06/2026,4:30 PM,DAY,44.5,47.2,5.69,58.79,"2,790",2.46,3.19,6,2.26,250,86,58.79,,
08/06/2026,5:30 AM,NIGHT,37.4,42.1,1.41,51.02,"2,640",2.08,2.52,5.18,2.72,250,76,51.02,,
09/06/2026,4:30 PM,DAY,46.7,50.2,5.03,58.03,"2,790",2.86,2.88,5.82,2.71,280,81,58.03,,
09/06/2026,5:30 AM,NIGHT,38.3,41.2,0.82,54.6,"2,640",2.34,1.97,3.68,3.05,250,76,54.6,,
10/06/2026,4:30 PM,DAY,47.2,49.9,3.45,55.53,"2,790",2.92,2.39,7.15,2.19,250,81,55.53,,
10/06/2026,5:30 AM,NIGHT,39,40,1.66,50.25,"2,640",1.08,3.09,3.17,1.97,250,76,50.25,,
11/06/2026,4:30 PM,DAY,47.4,51.9,5.15,47.3,"2,640",2.27,3.18,7.35,2.56,280,76,47.3,,
11/06/2026,5:30 AM,NIGHT,38.7,41.5,3,38.7,"2,640",1.81,2.14,2.87,5.46,120,86,38.7,,
12/06/2026,4:30 PM,DAY,42.8,40.9,0.5,41.5,"2,640",2.99,6.65,1.22,1.45,120,70,41.5,,
12/06/2026,5:15 AM,NIGHT,38.5,35.3,3,39.8,"2,640",1.81,2.14,2.87,5.46,120,76,39.8,,
13/06/2026,5:10 AM,NIGHT,39.7,42.7,5.4,40.7,"2,790",4.28,1.95,4.28,2.53,120,88,40.7,,
14/06/2026,5:00 PM,DAY,43.9,44,4.07,39,"2,640",2.85,5.33,2.48,4.5,123,76,39,,
14/06/2026,5:30 AM,NIGHT,38.2,38,3.62,43.7,"2,640",3.42,5.6,1.27,1.59,125,77,43.7,,
15/06/2026,5:00 AM,NIGHT,34,40.5,6.54,42.8,"2,790",3.23,2.62,1.98,2.69,120,26,42.8,,
16/06/2026,5:51 PM,DAY,41.2,42.3,2.92,47.7,"2,640",2.52,3.69,5.19,5.81,120,76,47.7,,
16/06/2026,5:30 AM,NIGHT,41.8,39.6,3.12,45.9,"2,640",1.06,4.49,6.83,3.41,150,76,45.9,,
17/06/2026,4:30 PM,DAY,40.1,40.8,3.99,44,"2,640",3.39,4.47,5.6,2.74,150,76,44,,
17/06/2026,5:30 AM,NIGHT,38.4,38.7,3.55,43.37,"2,640",1.86,4.36,7.08,3.58,150,76,43.37,,
18/06/2026,4:55 PM,DAY,43.2,40.7,6.34,44.5,"2,790",3.43,2.24,2.75,2.89,150,86,44.5,,
18/06/2026,5:30 AM,NIGHT,42.5,46.7,4.87,45,"2,790",1.96,2.07,2.09,1.98,150,86,45,,
19/06/2026,4:30 PM,DAY,38.3,38.5,4.77,41.2,"2,640",2.79,4.63,5.33,3.16,150,76,41.2,,
20/06/2026,5:06 AM,NIGHT,35.3,35.2,4.26,41.5,"2,640",2.57,5.89,5.72,5.02,150,76,41.5,,
20/06/2026,5:30 PM,DAY,41.6,41.5,3.79,45.5,"2,640",1.22,4.94,3.74,3.93,150,76,45.5,,
21/06/2026,5:30 PM,DAY,44,48,5.01,45.05,"2,790",2.04,1.96,2.09,2.2,150,86,45.05,,
21/06/2026,5:20 AM,NIGHT,36.5,39.6,0.52,45.5,"1,950",0.49,0.53,0.46,0.52,150,76,45.5,,
22/06/2026,5:09 PM,DAY,43.5,45.2,5.23,53.7,"2,790",2.17,2.59,2.1,2.28,150,86,53.7,,
23/06/2026,4:45 PM,DAY,43,42,4.72,46.89,"2,790",3.45,4.31,3.63,3.33,150,86,46.89,,
23/06/2026,5:20 AM,NIGHT,38.1,37.2,3.55,43.36,"2,640",2.46,2.21,4.58,2.27,150,76,43.36,,
24/06/2026,4:45 PM,DAY,42.1,44.2,5.32,50.8,"2,790",2.61,2.52,3.51,2.61,150,86,50.8,,
24/06/2026,5:20 AM,NIGHT,38,40.9,3.01,43.32,"2,640",1.59,3.14,5.27,3.21,150,76,43.32,,
25/06/2026,4:45 PM,DAY,42.9,42.7,4.53,45.81,"2,790",2.03,3.76,2.03,3.13,150,86,45.81,,
25/06/2026,5:20 AM,NIGHT,35.3,36.8,3.75,45.38,"2,640",2.03,4.18,5.09,3.96,150,76,45.38,,
26/06/2026,4:45 PM,DAY,42.1,45.3,4.85,53.46,"2,790",3.04,3.71,2.02,2.17,150,86,53.46,,
26/06/2026,5:20 AM,NIGHT,38.9,40.6,3.21,41.89,"2,640",1.18,4.12,6.32,4.43,150,76,41.89,,
27/06/2026,4:45 PM,DAY,43.8,44.7,5.38,47.38,"2,790",3.34,3.12,5.11,2.28,150,86,47.38,,
27/06/2026,5:20 AM,NIGHT,35.3,39,3.14,45.69,"2,640",2.03,3.05,4.17,2.84,150,76,45.69,,
28/06/2026,4:45 PM,DAY,41.9,42,5.15,52.88,"2,790",2.17,4.45,5.15,2.64,150,86,52.88,,
28/06/2026,5:20 AM,NIGHT,35.1,39.5,3.41,44.3,"2,640",2.29,3.38,5.71,4.41,150,76,44.3,,
29/06/2026,4:45 PM,DAY,42.9,43.7,4.9,44.54,"2,790",2.5,4.34,3.01,3.36,150,86,44.54,,
29/06/2026,5:20 AM,NIGHT,36,36.4,4,44.38,"2,640",1.22,2.36,5.03,3.11,150,76,44.38,,
30/06/2026,4:45 PM,DAY,43.4,42.8,5.18,51.35,"2,790",2.99,3.37,2.45,3.09,150,86,51.35,,
30/06/2026,5:20 AM,NIGHT,36.1,38.4,4.11,43.19,"2,640",1.68,2.89,4.12,2.15,150,76,43.19,,
JULY,,,,,,,,,,,,,,,,
01/07/2026,4:45 PM,DAY,43.3,42.3,5.88,5.42,"2,790",3.07,4.38,4.71,2.93,150,86,44.58,,
01/07/2026,5:20 AM,NIGHT,36.9,38.5,4.22,3.09,"2,640",1.41,3.85,4.43,4.24,150,76,44.46,,
02/07/2026,4:45 PM,DAY,41.9,44.2,5.52,4.65,"2,790",3.04,4.44,4.79,2.68,150,86,51.14,,
02/07/2026,5:20 AM,NIGHT,36.9,37.5,2.96,3.29,"2,640",1.36,2.65,6.39,2.29,150,76,41.79,,
03/07/2026,4:45 PM,DAY,43.6,43.9,4.76,5.02,"2,790",3,4.25,3.57,2.08,150,86,51.15,,
03/07/2026,5:20 AM,NIGHT,39.1,38.8,4.36,4.36,"2,640",1.34,3.78,6.8,3,150,76,43.88,,
04/07/2026,4:45 PM,DAY,42.7,41.6,5.89,5.1,"2,790",2.17,2.1,4.14,3.43,150,86,53.94,,
04/07/2026,5:20 AM,NIGHT,36.8,36.7,3.09,3.35,"2,640",1.09,2.86,5.59,4.96,150,76,44.62,,
05/07/2026,4:45 PM,DAY,42.4,43.8,5.81,4.83,"2,790",2.23,4.13,5.22,3.51,150,86,44.32,,
05/07/2026,5:20 AM,NIGHT,36.4,40.9,3.38,4.39,"2,640",1.7,2.6,4.45,2.49,150,76,45.42,,
06/07/2026,4:45 PM,DAY,43.7,44.8,4.55,5.39,"2,790",2.29,3.94,2.78,3.05,150,86,45.28,,
06/07/2026,5:20 AM,NIGHT,37.7,39.6,4.38,3.93,"2,640",1.97,4.05,5.11,4.38,150,76,45.9,,
07/07/2026,4:45 PM,DAY,44,41.3,5.7,4.54,"2,790",3.01,2.23,4.31,2.74,150,86,53.46,,
07/07/2026,5:20 AM,NIGHT,35.2,36.3,4.33,3.28,"2,640",1,2.38,6.96,4.51,150,76,44.44,,
08/07/2026,4:45 PM,DAY,43.8,44.6,4.9,4.9,"2,790",2.4,4.43,4.55,3.37,150,86,51.58,,
08/07/2026,5:20 AM,NIGHT,37.3,38.7,3.56,4.07,"2,640",2.38,3.26,6.58,2.14,150,76,41.05,,
09/07/2026,5:30 PM,DAY ,43.9,45.5,2640,2.67,6.77,8.09,4.55,3.34,4.56,300,76,57.3,,
09/07/2026,5:14 AM,NIGHT,36.5,36.9,2790,4.76,3.45,4.1,3.99,7.99,7.72,300,86,57.6,,
10/07/2026,4:30 PM,DAY,39.2,41.4,2640,5.1,8.86,6.82,3.97,6.89,7.37,300,76,53.5,,
,,,,,,,,,,,,,,,,
,,,,,,,,,,,,,,,,
,,,,,,,,,,,,,,,,
,,,,,,,,,,,,,,,,
,,,,,,,,,,,,,,,,
,,,,,,,,,,,,,,,,
,,,,,,,,,,,,,,,,
,,,,,,,,,,,,,,,,
,,,,,,,,,,,,,,,,
,,,,,,,,,,,,,,,,
,,,,,,,,,,,,,,,,
,,,,,,,,,,,,,,,,
,,,,,,,,,,,,,,,,
,,,,,,,,,,,,,,,,
,,,,,,,,,,,,,,,,
,,,,,,,,,,,,,,,,
,,,,,,,,,,,,,,,,
,,,,,,,,,,,,,,,,
,,,,,,,,,,,,,,,,
,,,,,,,,,,,,,,,,
,,,,,,,,,,,,,,,,
,,,,,,,,,,,,,,,,
,,,,,,,,,,,,,,,,
,,,,,,,,,,,,,,,,
,,,,,,,,,,,,,,,,
,,,,,,,,,,,,,,,,
,,,,,,,,,,,,,,,,
,,,,,,,,,,,,,,,,
,,,,,,,,,,,,,,,,
,,,,,,,,,,,,,,,,
,,,,,,,,,,,,,,,,
,,,,,,,,,,,,,,,,
,,,,,,,,,,,,,,,,
,,,,,,,,,,,,,,,,
,,,,,,,,,,,,,,,,
,,,,,,,,,,,,,,,,
,,,,,,,,,,,,,,,,
,,,,,,,,,,,,,,,,
,,,,,,,,,,,,,,,,
,,,,,,,,,,,,,,,,
,,,,,,,,,,,,,,,,
,,,,,,,,,,,,,,,,
,,,,,,,,,,,,,,,,
,,,,,,,,,,,,,,,,
,,,,,,,,,,,,,,,,
,,,,,,,,,,,,,,,,
,,,,,,,,,,,,,,,,
,,,,,,,,,,,,,,,,
,,,,,,,,,,,,,,,,
,,,,,,,,,,,,,,,,
,,,,,,,,,,,,,,,,
,,,,,,,,,,,,,,,,
,,,,,,,,,,,,,,,,
,,,,,,,,,,,,,,,,
,,,,,,,,,,,,,,,,
,,,,,,,,,,,,,,,,
,,,,,,,,,,,,,,,,
,,,,,,,,,,,,,,,,
,,,,,,,,,,,,,,,,
,,,,,,,,,,,,,,,,
,,,,,,,,,,,,,,,,
,,,,,,,,,,,,,,,,
,,,,,,,,,,,,,,,,
,,,,,,,,,,,,,,,,
,,,,,,,,,,,,,,,,
,,,,,,,,,,,,,,,,
,,,,,,,,,,,,,,,,
,,,,,,,,,,,,,,,,
,,,,,,,,,,,,,,,,
,,,,,,,,,,,,,,,,
,,,,,,,,,,,,,,,,
,,,,,,,,,,,,,,,,
,,,,,,,,,,,,,,,,
,,,,,,,,,,,,,,,,
,,,,,,,,,,,,,,,,
,,,,,,,,,,,,,,,,
,,,,,,,,,,,,,,,,
,,,,,,,,,,,,,,,,
,,,,,,,,,,,,,,,,
,,,,,,,,,,,,,,,,
,,,,,,,,,,,,,,,,
,,,,,,,,,,,,,,,,
,,,,,,,,,,,,,,,,
,,,,,,,,,,,,,,,,
,,,,,,,,,,,,,,,,
,,,,,,,,,,,,,,,,
,,,,,,,,,,,,,,,,
,,,,,,,,,,,,,,,,
,,,,,,,,,,,,,,,,
,,,,,,,,,,,,,,,,
,,,,,,,,,,,,,,,,
,,,,,,,,,,,,,,,,
,,,,,,,,,,,,,,,,
,,,,,,,,,,,,,,,,
,,,,,,,,,,,,,,,,
,,,,,,,,,,,,,,,,
,,,,,,,,,,,,,,,,
,,,,,,,,,,,,,,,,
,,,,,,,,,,,,,,,,
,,,,,,,,,,,,,,,,
,,,,,,,,,,,,,,,,
,,,,,,,,,,,,,,,,
,,,,,,,,,,,,,,,,
,,,,,,,,,,,,,,,,
,,,,,,,,,,,,,,,,
,,,,,,,,,,,,,,,,
,,,,,,,,,,,,,,,,
,,,,,,,,,,,,,,,,
,,,,,,,,,,,,,,,,
,,,,,,,,,,,,,,,,
,,,,,,,,,,,,,,,,
,,,,,,,,,,,,,,,,
,,,,,,,,,,,,,,,,
,,,,,,,,,,,,,,,,
,,,,,,,,,,,,,,,,
,,,,,,,,,,,,,,,,
,,,,,,,,,,,,,,,,
,,,,,,,,,,,,,,,,
,,,,,,,,,,,,,,,,
,,,,,,,,,,,,,,,,
,,,,,,,,,,,,,,,,
,,,,,,,,,,,,,,,,
,,,,,,,,,,,,,,,,
,,,,,,,,,,,,,,,,
,,,,,,,,,,,,,,,,
,,,,,,,,,,,,,,,,
,,,,,,,,,,,,,,,,
,,,,,,,,,,,,,,,,
,,,,,,,,,,,,,,,,
,,,,,,,,,,,,,,,,
,,,,,,,,,,,,,,,,
,,,,,,,,,,,,,,,,
,,,,,,,,,,,,,,,,
,,,,,,,,,,,,,,,,
,,,,,,,,,,,,,,,,
,,,,,,,,,,,,,,,,
,,,,,,,,,,,,,,,,
,,,,,,,,,,,,,,,,
,,,,,,,,,,,,,,,,
,,,,,,,,,,,,,,,,
,,,,,,,,,,,,,,,,
,,,,,,,,,,,,,,,,
,,,,,,,,,,,,,,,,
,,,,,,,,,,,,,,,,
,,,,,,,,,,,,,,,,
,,,,,,,,,,,,,,,,
,,,,,,,,,,,,,,,,
,,,,,,,,,,,,,,,,
,,,,,,,,,,,,,,,,
,,,,,,,,,,,,,,,,
,,,,,,,,,,,,,,,,
,,,,,,,,,,,,,,,,
,,,,,,,,,,,,,,,,
,,,,,,,,,,,,,,,,
,,,,,,,,,,,,,,,,
,,,,,,,,,,,,,,,,
,,,,,,,,,,,,,,,,
,,,,,,,,,,,,,,,,
,,,,,,,,,,,,,,,,
,,,,,,,,,,,,,,,,
,,,,,,,,,,,,,,,,
,,,,,,,,,,,,,,,,
,,,,,,,,,,,,,,,,
,,,,,,,,,,,,,,,,
,,,,,,,,,,,,,,,,
,,,,,,,,,,,,,,,,
,,,,,,,,,,,,,,,,
,,,,,,,,,,,,,,,,
,,,,,,,,,,,,,,,,
,,,,,,,,,,,,,,,,
,,,,,,,,,,,,,,,,
,,,,,,,,,,,,,,,,
,,,,,,,,,,,,,,,,
,,,,,,,,,,,,,,,,
,,,,,,,,,,,,,,,,
,,,,,,,,,,,,,,,,
,,,,,,,,,,,,,,,,
,,,,,,,,,,,,,,,,
,,,,,,,,,,,,,,,,
,,,,,,,,,,,,,,,,
,,,,,,,,,,,,,,,,
,,,,,,,,,,,,,,,,
,,,,,,,,,,,,,,,,
,,,,,,,,,,,,,,,,
,,,,,,,,,,,,,,,,
,,,,,,,,,,,,,,,,
,,,,,,,,,,,,,,,,
,,,,,,,,,,,,,,,,
,,,,,,,,,,,,,,,,
,,,,,,,,,,,,,,,,
,,,,,,,,,,,,,,,,
,,,,,,,,,,,,,,,,
,,,,,,,,,,,,,,,,
,,,,,,,,,,,,,,,,
,,,,,,,,,,,,,,,,
,,,,,,,,,,,,,,,,
,,,,,,,,,,,,,,,,
,,,,,,,,,,,,,,,,
,,,,,,,,,,,,,,,,
,,,,,,,,,,,,,,,,
,,,,,,,,,,,,,,,,
,,,,,,,,,,,,,,,,
,,,,,,,,,,,,,,,,
,,,,,,,,,,,,,,,,
,,,,,,,,,,,,,,,,
,,,,,,,,,,,,,,,,
,,,,,,,,,,,,,,,,
,,,,,,,,,,,,,,,,
,,,,,,,,,,,,,,,,
,,,,,,,,,,,,,,,,
,,,,,,,,,,,,,,,,
,,,,,,,,,,,,,,,,
,,,,,,,,,,,,,,,,
,,,,,,,,,,,,,,,,
,,,,,,,,,,,,,,,,
,,,,,,,,,,,,,,,,
,,,,,,,,,,,,,,,,
,,,,,,,,,,,,,,,,
,,,,,,,,,,,,,,,,
,,,,,,,,,,,,,,,,
,,,,,,,,,,,,,,,,
,,,,,,,,,,,,,,,,
,,,,,,,,,,,,,,,,
,,,,,,,,,,,,,,,,
,,,,,,,,,,,,,,,,
,,,,,,,,,,,,,,,,
,,,,,,,,,,,,,,,,
,,,,,,,,,,,,,,,,
,,,,,,,,,,,,,,,,
,,,,,,,,,,,,,,,,
,,,,,,,,,,,,,,,,
,,,,,,,,,,,,,,,,
,,,,,,,,,,,,,,,,
,,,,,,,,,,,,,,,,
,,,,,,,,,,,,,,,,
,,,,,,,,,,,,,,,,
,,,,,,,,,,,,,,,,
,,,,,,,,,,,,,,,,
,,,,,,,,,,,,,,,,
,,,,,,,,,,,,,,,,
,,,,,,,,,,,,,,,,
,,,,,,,,,,,,,,,,
,,,,,,,,,,,,,,,,
,,,,,,,,,,,,,,,,
,,,,,,,,,,,,,,,,
,,,,,,,,,,,,,,,,
,,,,,,,,,,,,,,,,
,,,,,,,,,,,,,,,,
,,,,,,,,,,,,,,,,
,,,,,,,,,,,,,,,,
,,,,,,,,,,,,,,,,
,,,,,,,,,,,,,,,,
,,,,,,,,,,,,,,,,
,,,,,,,,,,,,,,,,
,,,,,,,,,,,,,,,,
,,,,,,,,,,,,,,,,
,,,,,,,,,,,,,,,,
,,,,,,,,,,,,,,,,
,,,,,,,,,,,,,,,,
,,,,,,,,,,,,,,,,
,,,,,,,,,,,,,,,,
,,,,,,,,,,,,,,,,
,,,,,,,,,,,,,,,,
,,,,,,,,,,,,,,,,
,,,,,,,,,,,,,,,,
,,,,,,,,,,,,,,,,
,,,,,,,,,,,,,,,,
,,,,,,,,,,,,,,,,
,,,,,,,,,,,,,,,,
,,,,,,,,,,,,,,,,
,,,,,,,,,,,,,,,,
,,,,,,,,,,,,,,,,
,,,,,,,,,,,,,,,,
,,,,,,,,,,,,,,,,
,,,,,,,,,,,,,,,,
,,,,,,,,,,,,,,,,
,,,,,,,,,,,,,,,,
,,,,,,,,,,,,,,,,
,,,,,,,,,,,,,,,,
,,,,,,,,,,,,,,,,
,,,,,,,,,,,,,,,,
,,,,,,,,,,,,,,,,
,,,,,,,,,,,,,,,,
,,,,,,,,,,,,,,,,
,,,,,,,,,,,,,,,,
,,,,,,,,,,,,,,,,
,,,,,,,,,,,,,,,,
,,,,,,,,,,,,,,,,
,,,,,,,,,,,,,,,,
,,,,,,,,,,,,,,,,
,,,,,,,,,,,,,,,,
,,,,,,,,,,,,,,,,
,,,,,,,,,,,,,,,,
,,,,,,,,,,,,,,,,
,,,,,,,,,,,,,,,,
,,,,,,,,,,,,,,,,
,,,,,,,,,,,,,,,,
,,,,,,,,,,,,,,,,
,,,,,,,,,,,,,,,,
,,,,,,,,,,,,,,,,
,,,,,,,,,,,,,,,,
,,,,,,,,,,,,,,,,
,,,,,,,,,,,,,,,,
,,,,,,,,,,,,,,,,
,,,,,,,,,,,,,,,,
,,,,,,,,,,,,,,,,
,,,,,,,,,,,,,,,,
,,,,,,,,,,,,,,,,
,,,,,,,,,,,,,,,,
,,,,,,,,,,,,,,,,
,,,,,,,,,,,,,,,,
,,,,,,,,,,,,,,,,
,,,,,,,,,,,,,,,,
,,,,,,,,,,,,,,,,
,,,,,,,,,,,,,,,,
,,,,,,,,,,,,,,,,
,,,,,,,,,,,,,,,,
,,,,,,,,,,,,,,,,
,,,,,,,,,,,,,,,,
,,,,,,,,,,,,,,,,
,,,,,,,,,,,,,,,,
,,,,,,,,,,,,,,,,
,,,,,,,,,,,,,,,,
,,,,,,,,,,,,,,,,
,,,,,,,,,,,,,,,,
,,,,,,,,,,,,,,,,
,,,,,,,,,,,,,,,,
,,,,,,,,,,,,,,,,
,,,,,,,,,,,,,,,,
,,,,,,,,,,,,,,,,
,,,,,,,,,,,,,,,,
,,,,,,,,,,,,,,,,
,,,,,,,,,,,,,,,,
,,,,,,,,,,,,,,,,
,,,,,,,,,,,,,,,,
,,,,,,,,,,,,,,,,
,,,,,,,,,,,,,,,,
,,,,,,,,,,,,,,,,
,,,,,,,,,,,,,,,,
,,,,,,,,,,,,,,,,
,,,,,,,,,,,,,,,,
,,,,,,,,,,,,,,,,
,,,,,,,,,,,,,,,,
,,,,,,,,,,,,,,,,
,,,,,,,,,,,,,,,,
,,,,,,,,,,,,,,,,
,,,,,,,,,,,,,,,,
,,,,,,,,,,,,,,,,
,,,,,,,,,,,,,,,,
,,,,,,,,,,,,,,,,
,,,,,,,,,,,,,,,,
,,,,,,,,,,,,,,,,
,,,,,,,,,,,,,,,,
,,,,,,,,,,,,,,,,
,,,,,,,,,,,,,,,,
,,,,,,,,,,,,,,,,
,,,,,,,,,,,,,,,,
,,,,,,,,,,,,,,,,
,,,,,,,,,,,,,,,,
,,,,,,,,,,,,,,,,
,,,,,,,,,,,,,,,,
,,,,,,,,,,,,,,,,
,,,,,,,,,,,,,,,,
,,,,,,,,,,,,,,,,
,,,,,,,,,,,,,,,,
,,,,,,,,,,,,,,,,
,,,,,,,,,,,,,,,,
,,,,,,,,,,,,,,,,
,,,,,,,,,,,,,,,,
,,,,,,,,,,,,,,,,
,,,,,,,,,,,,,,,,
,,,,,,,,,,,,,,,,
,,,,,,,,,,,,,,,,
,,,,,,,,,,,,,,,,
,,,,,,,,,,,,,,,,
,,,,,,,,,,,,,,,,
,,,,,,,,,,,,,,,,
,,,,,,,,,,,,,,,,
,,,,,,,,,,,,,,,,
,,,,,,,,,,,,,,,,
,,,,,,,,,,,,,,,,
,,,,,,,,,,,,,,,,
,,,,,,,,,,,,,,,,
,,,,,,,,,,,,,,,,
,,,,,,,,,,,,,,,,
,,,,,,,,,,,,,,,,
,,,,,,,,,,,,,,,,
,,,,,,,,,,,,,,,,
,,,,,,,,,,,,,,,,
,,,,,,,,,,,,,,,,
,,,,,,,,,,,,,,,,
,,,,,,,,,,,,,,,,
,,,,,,,,,,,,,,,,
,,,,,,,,,,,,,,,,
,,,,,,,,,,,,,,,,
,,,,,,,,,,,,,,,,
,,,,,,,,,,,,,,,,
,,,,,,,,,,,,,,,,
,,,,,,,,,,,,,,,,
,,,,,,,,,,,,,,,,
,,,,,,,,,,,,,,,,
,,,,,,,,,,,,,,,,
,,,,,,,,,,,,,,,,
,,,,,,,,,,,,,,,,
,,,,,,,,,,,,,,,,
,,,,,,,,,,,,,,,,
,,,,,,,,,,,,,,,,
,,,,,,,,,,,,,,,,
,,,,,,,,,,,,,,,,
,,,,,,,,,,,,,,,,
,,,,,,,,,,,,,,,,
,,,,,,,,,,,,,,,,
,,,,,,,,,,,,,,,,
,,,,,,,,,,,,,,,,
,,,,,,,,,,,,,,,,
,,,,,,,,,,,,,,,,
,,,,,,,,,,,,,,,,
,,,,,,,,,,,,,,,,
,,,,,,,,,,,,,,,,
,,,,,,,,,,,,,,,,
,,,,,,,,,,,,,,,,
,,,,,,,,,,,,,,,,
,,,,,,,,,,,,,,,,
,,,,,,,,,,,,,,,,
,,,,,,,,,,,,,,,,
,,,,,,,,,,,,,,,,
,,,,,,,,,,,,,,,,
,,,,,,,,,,,,,,,,
,,,,,,,,,,,,,,,,
,,,,,,,,,,,,,,,,
,,,,,,,,,,,,,,,,
,,,,,,,,,,,,,,,,
,,,,,,,,,,,,,,,,
,,,,,,,,,,,,,,,,
,,,,,,,,,,,,,,,,
,,,,,,,,,,,,,,,,
,,,,,,,,,,,,,,,,
,,,,,,,,,,,,,,,,
,,,,,,,,,,,,,,,,
,,,,,,,,,,,,,,,,
,,,,,,,,,,,,,,,,
,,,,,,,,,,,,,,,,
,,,,,,,,,,,,,,,,
,,,,,,,,,,,,,,,,
,,,,,,,,,,,,,,,,
,,,,,,,,,,,,,,,,
,,,,,,,,,,,,,,,,
,,,,,,,,,,,,,,,,
,,,,,,,,,,,,,,,,
,,,,,,,,,,,,,,,,
,,,,,,,,,,,,,,,,
,,,,,,,,,,,,,,,,
,,,,,,,,,,,,,,,,
,,,,,,,,,,,,,,,,
,,,,,,,,,,,,,,,,
,,,,,,,,,,,,,,,,
,,,,,,,,,,,,,,,,
,,,,,,,,,,,,,,,,
,,,,,,,,,,,,,,,,
,,,,,,,,,,,,,,,,
,,,,,,,,,,,,,,,,
,,,,,,,,,,,,,,,,
,,,,,,,,,,,,,,,,
,,,,,,,,,,,,,,,,
,,,,,,,,,,,,,,,,
,,,,,,,,,,,,,,,,
,,,,,,,,,,,,,,,,
,,,,,,,,,,,,,,,,
,,,,,,,,,,,,,,,,
,,,,,,,,,,,,,,,,
,,,,,,,,,,,,,,,,
,,,,,,,,,,,,,,,,
,,,,,,,,,,,,,,,,
,,,,,,,,,,,,,,,,
,,,,,,,,,,,,,,,,
,,,,,,,,,,,,,,,,
,,,,,,,,,,,,,,,,
,,,,,,,,,,,,,,,,
,,,,,,,,,,,,,,,,
,,,,,,,,,,,,,,,,
,,,,,,,,,,,,,,,,
,,,,,,,,,,,,,,,,
,,,,,,,,,,,,,,,,
,,,,,,,,,,,,,,,,
,,,,,,,,,,,,,,,,
,,,,,,,,,,,,,,,,
,,,,,,,,,,,,,,,,
,,,,,,,,,,,,,,,,
,,,,,,,,,,,,,,,,
,,,,,,,,,,,,,,,,
,,,,,,,,,,,,,,,,
,,,,,,,,,,,,,,,,
,,,,,,,,,,,,,,,,
,,,,,,,,,,,,,,,,
,,,,,,,,,,,,,,,,
,,,,,,,,,,,,,,,,
,,,,,,,,,,,,,,,,
,,,,,,,,,,,,,,,,
,,,,,,,,,,,,,,,,
,,,,,,,,,,,,,,,,
,,,,,,,,,,,,,,,,
,,,,,,,,,,,,,,,,
,,,,,,,,,,,,,,,,
,,,,,,,,,,,,,,,,
,,,,,,,,,,,,,,,,
,,,,,,,,,,,,,,,,
,,,,,,,,,,,,,,,,
,,,,,,,,,,,,,,,,
,,,,,,,,,,,,,,,,
,,,,,,,,,,,,,,,,
,,,,,,,,,,,,,,,,
,,,,,,,,,,,,,,,,
,,,,,,,,,,,,,,,,
,,,,,,,,,,,,,,,,
,,,,,,,,,,,,,,,,
,,,,,,,,,,,,,,,,
,,,,,,,,,,,,,,,,
,,,,,,,,,,,,,,,,
,,,,,,,,,,,,,,,,
,,,,,,,,,,,,,,,,
,,,,,,,,,,,,,,,,
,,,,,,,,,,,,,,,,
,,,,,,,,,,,,,,,,
,,,,,,,,,,,,,,,,
,,,,,,,,,,,,,,,,
,,,,,,,,,,,,,,,,
,,,,,,,,,,,,,,,,
,,,,,,,,,,,,,,,,
,,,,,,,,,,,,,,,,
,,,,,,,,,,,,,,,,
,,,,,,,,,,,,,,,,
,,,,,,,,,,,,,,,,
,,,,,,,,,,,,,,,,
,,,,,,,,,,,,,,,,
,,,,,,,,,,,,,,,,
,,,,,,,,,,,,,,,,
,,,,,,,,,,,,,,,,
,,,,,,,,,,,,,,,,
,,,,,,,,,,,,,,,,
,,,,,,,,,,,,,,,,
,,,,,,,,,,,,,,,,
,,,,,,,,,,,,,,,,
,,,,,,,,,,,,,,,,
,,,,,,,,,,,,,,,,
,,,,,,,,,,,,,,,,
,,,,,,,,,,,,,,,,
,,,,,,,,,,,,,,,,
,,,,,,,,,,,,,,,,
,,,,,,,,,,,,,,,,
,,,,,,,,,,,,,,,,
,,,,,,,,,,,,,,,,
,,,,,,,,,,,,,,,,
,,,,,,,,,,,,,,,,
,,,,,,,,,,,,,,,,
,,,,,,,,,,,,,,,,
,,,,,,,,,,,,,,,,
,,,,,,,,,,,,,,,,
,,,,,,,,,,,,,,,,
,,,,,,,,,,,,,,,,
,,,,,,,,,,,,,,,,
,,,,,,,,,,,,,,,,
,,,,,,,,,,,,,,,,
,,,,,,,,,,,,,,,,
,,,,,,,,,,,,,,,,
,,,,,,,,,,,,,,,,
,,,,,,,,,,,,,,,,
,,,,,,,,,,,,,,,,
,,,,,,,,,,,,,,,,
,,,,,,,,,,,,,,,,
,,,,,,,,,,,,,,,,
,,,,,,,,,,,,,,,,
,,,,,,,,,,,,,,,,
,,,,,,,,,,,,,,,,
,,,,,,,,,,,,,,,,
,,,,,,,,,,,,,,,,
,,,,,,,,,,,,,,,,
,,,,,,,,,,,,,,,,
,,,,,,,,,,,,,,,,
,,,,,,,,,,,,,,,,
,,,,,,,,,,,,,,,,
,,,,,,,,,,,,,,,,
,,,,,,,,,,,,,,,,
,,,,,,,,,,,,,,,,
,,,,,,,,,,,,,,,,
,,,,,,,,,,,,,,,,
,,,,,,,,,,,,,,,,
,,,,,,,,,,,,,,,,
,,,,,,,,,,,,,,,,
,,,,,,,,,,,,,,,,
,,,,,,,,,,,,,,,,
,,,,,,,,,,,,,,,,
,,,,,,,,,,,,,,,,
,,,,,,,,,,,,,,,,
,,,,,,,,,,,,,,,,
,,,,,,,,,,,,,,,,
,,,,,,,,,,,,,,,,
,,,,,,,,,,,,,,,,
,,,,,,,,,,,,,,,,
,,,,,,,,,,,,,,,,
,,,,,,,,,,,,,,,,
,,,,,,,,,,,,,,,,
,,,,,,,,,,,,,,,,
,,,,,,,,,,,,,,,,
,,,,,,,,,,,,,,,,
,,,,,,,,,,,,,,,,
,,,,,,,,,,,,,,,,
,,,,,,,,,,,,,,,,
,,,,,,,,,,,,,,,,
,,,,,,,,,,,,,,,,
,,,,,,,,,,,,,,,,
,,,,,,,,,,,,,,,,
,,,,,,,,,,,,,,,,
,,,,,,,,,,,,,,,,
,,,,,,,,,,,,,,,,
,,,,,,,,,,,,,,,,
,,,,,,,,,,,,,,,,
,,,,,,,,,,,,,,,,
,,,,,,,,,,,,,,,,
,,,,,,,,,,,,,,,,
,,,,,,,,,,,,,,,,
,,,,,,,,,,,,,,,,
,,,,,,,,,,,,,,,,
,,,,,,,,,,,,,,,,
,,,,,,,,,,,,,,,,
,,,,,,,,,,,,,,,,
,,,,,,,,,,,,,,,,
,,,,,,,,,,,,,,,,
,,,,,,,,,,,,,,,,
,,,,,,,,,,,,,,,,
,,,,,,,,,,,,,,,,
,,,,,,,,,,,,,,,,
,,,,,,,,,,,,,,,,
,,,,,,,,,,,,,,,,
,,,,,,,,,,,,,,,,
,,,,,,,,,,,,,,,,
,,,,,,,,,,,,,,,,
,,,,,,,,,,,,,,,,
,,,,,,,,,,,,,,,,
,,,,,,,,,,,,,,,,
,,,,,,,,,,,,,,,,
,,,,,,,,,,,,,,,,
,,,,,,,,,,,,,,,,
,,,,,,,,,,,,,,,,
